SET search_path TO A2;
INSERT INTO a2.country (cid, cname) VALUES (1, 'United States');
INSERT INTO a2.country (cid, cname) VALUES (2, 'Lithuania');
INSERT INTO a2.country (cid, cname) VALUES (3, 'Marshall Islands');
INSERT INTO a2.country (cid, cname) VALUES (4, 'Portugal');
INSERT INTO a2.country (cid, cname) VALUES (5, 'Russia');
INSERT INTO a2.country (cid, cname) VALUES (6, 'Argentina');
INSERT INTO a2.country (cid, cname) VALUES (7, 'Russia');
INSERT INTO a2.country (cid, cname) VALUES (8, 'China');
INSERT INTO a2.country (cid, cname) VALUES (9, 'China');
INSERT INTO a2.country (cid, cname) VALUES (10, 'Canada');
INSERT INTO a2.country (cid, cname) VALUES (11, 'Indonesia');
INSERT INTO a2.country (cid, cname) VALUES (12, 'Thailand');
INSERT INTO a2.country (cid, cname) VALUES (13, 'Indonesia');
INSERT INTO a2.country (cid, cname) VALUES (14, 'United States');
INSERT INTO a2.country (cid, cname) VALUES (15, 'China');
INSERT INTO a2.country (cid, cname) VALUES (16, 'China');
INSERT INTO a2.country (cid, cname) VALUES (17, 'China');
INSERT INTO a2.country (cid, cname) VALUES (18, 'Sweden');
INSERT INTO a2.country (cid, cname) VALUES (19, 'Cuba');
INSERT INTO a2.country (cid, cname) VALUES (20, 'Brazil');
INSERT INTO a2.country (cid, cname) VALUES (21, 'Lesotho');
INSERT INTO a2.country (cid, cname) VALUES (22, 'Finland');
INSERT INTO a2.country (cid, cname) VALUES (23, 'Japan');
INSERT INTO a2.country (cid, cname) VALUES (24, 'Philippines');
INSERT INTO a2.country (cid, cname) VALUES (25, 'Russia');
INSERT INTO a2.country (cid, cname) VALUES (26, 'Mali');
INSERT INTO a2.country (cid, cname) VALUES (27, 'China');
INSERT INTO a2.country (cid, cname) VALUES (28, 'Indonesia');
INSERT INTO a2.country (cid, cname) VALUES (29, 'China');
INSERT INTO a2.country (cid, cname) VALUES (30, 'United States');
INSERT INTO a2.country (cid, cname) VALUES (31, 'Peru');
INSERT INTO a2.country (cid, cname) VALUES (32, 'Jordan');
INSERT INTO a2.country (cid, cname) VALUES (33, 'Iceland');
INSERT INTO a2.country (cid, cname) VALUES (34, 'Canada');
INSERT INTO a2.country (cid, cname) VALUES (35, 'Russia');
INSERT INTO a2.country (cid, cname) VALUES (36, 'Indonesia');
INSERT INTO a2.country (cid, cname) VALUES (37, 'Sweden');
INSERT INTO a2.country (cid, cname) VALUES (38, 'Poland');
INSERT INTO a2.country (cid, cname) VALUES (39, 'China');
INSERT INTO a2.country (cid, cname) VALUES (40, 'Argentina');
INSERT INTO a2.country (cid, cname) VALUES (41, 'Canada');
INSERT INTO a2.country (cid, cname) VALUES (42, 'Mexico');
INSERT INTO a2.country (cid, cname) VALUES (43, 'Philippines');
INSERT INTO a2.country (cid, cname) VALUES (44, 'Ghana');
INSERT INTO a2.country (cid, cname) VALUES (45, 'China');
INSERT INTO a2.country (cid, cname) VALUES (46, 'Russia');
INSERT INTO a2.country (cid, cname) VALUES (47, 'Peru');
INSERT INTO a2.country (cid, cname) VALUES (48, 'Mayotte');
INSERT INTO a2.country (cid, cname) VALUES (49, 'Japan');
INSERT INTO a2.country (cid, cname) VALUES (50, 'Albania');
INSERT INTO a2.country (cid, cname) VALUES (51, 'Sweden');
INSERT INTO a2.country (cid, cname) VALUES (52, 'Poland');
INSERT INTO a2.country (cid, cname) VALUES (53, 'China');
INSERT INTO a2.country (cid, cname) VALUES (54, 'Sweden');
INSERT INTO a2.country (cid, cname) VALUES (55, 'Portugal');
INSERT INTO a2.country (cid, cname) VALUES (56, 'Indonesia');
INSERT INTO a2.country (cid, cname) VALUES (57, 'Ukraine');
INSERT INTO a2.country (cid, cname) VALUES (58, 'Mongolia');
INSERT INTO a2.country (cid, cname) VALUES (59, 'Ireland');
INSERT INTO a2.country (cid, cname) VALUES (60, 'Colombia');
INSERT INTO a2.country (cid, cname) VALUES (61, 'China');
INSERT INTO a2.country (cid, cname) VALUES (62, 'Indonesia');
INSERT INTO a2.country (cid, cname) VALUES (63, 'Sweden');
INSERT INTO a2.country (cid, cname) VALUES (64, 'Poland');
INSERT INTO a2.country (cid, cname) VALUES (65, 'Micronesia');
INSERT INTO a2.country (cid, cname) VALUES (66, 'Lebanon');
INSERT INTO a2.country (cid, cname) VALUES (67, 'China');
INSERT INTO a2.country (cid, cname) VALUES (68, 'China');
INSERT INTO a2.country (cid, cname) VALUES (69, 'Greece');
INSERT INTO a2.country (cid, cname) VALUES (70, 'China');
INSERT INTO a2.country (cid, cname) VALUES (71, 'Portugal');
INSERT INTO a2.country (cid, cname) VALUES (72, 'China');
INSERT INTO a2.country (cid, cname) VALUES (73, 'Bosnia and Herzegovina');
INSERT INTO a2.country (cid, cname) VALUES (74, 'Pakistan');
INSERT INTO a2.country (cid, cname) VALUES (75, 'Thailand');
INSERT INTO a2.country (cid, cname) VALUES (76, 'Jordan');
INSERT INTO a2.country (cid, cname) VALUES (77, 'China');
INSERT INTO a2.country (cid, cname) VALUES (78, 'Philippines');
INSERT INTO a2.country (cid, cname) VALUES (79, 'Albania');
INSERT INTO a2.country (cid, cname) VALUES (80, 'Canada');
INSERT INTO a2.country (cid, cname) VALUES (81, 'Palestinian Territory');
INSERT INTO a2.country (cid, cname) VALUES (82, 'China');
INSERT INTO a2.country (cid, cname) VALUES (83, 'Peru');
INSERT INTO a2.country (cid, cname) VALUES (84, 'Belarus');
INSERT INTO a2.country (cid, cname) VALUES (85, 'Lebanon');
INSERT INTO a2.country (cid, cname) VALUES (86, 'Indonesia');
INSERT INTO a2.country (cid, cname) VALUES (87, 'Palestinian Territory');
INSERT INTO a2.country (cid, cname) VALUES (88, 'Philippines');
INSERT INTO a2.country (cid, cname) VALUES (89, 'United States');
INSERT INTO a2.country (cid, cname) VALUES (90, 'Luxembourg');
INSERT INTO a2.country (cid, cname) VALUES (91, 'France');
INSERT INTO a2.country (cid, cname) VALUES (92, 'Poland');
INSERT INTO a2.country (cid, cname) VALUES (93, 'Iraq');
INSERT INTO a2.country (cid, cname) VALUES (94, 'China');
INSERT INTO a2.country (cid, cname) VALUES (95, 'Thailand');
INSERT INTO a2.country (cid, cname) VALUES (96, 'Ukraine');
INSERT INTO a2.country (cid, cname) VALUES (97, 'Indonesia');
INSERT INTO a2.country (cid, cname) VALUES (98, 'Indonesia');
INSERT INTO a2.country (cid, cname) VALUES (99, 'China');
INSERT INTO a2.country (cid, cname) VALUES (100, 'China');
INSERT INTO a2.player (pid, pname, globalrank, cid) VALUES (1, 'Nisse Dunkerley', 3, 55);
INSERT INTO a2.player (pid, pname, globalrank, cid) VALUES (2, 'Penn Caughan', 31, 98);
INSERT INTO a2.player (pid, pname, globalrank, cid) VALUES (3, 'Ermengarde Fernier', 79, 94);
INSERT INTO a2.player (pid, pname, globalrank, cid) VALUES (4, 'Reuben Sambath', 66, 72);
INSERT INTO a2.player (pid, pname, globalrank, cid) VALUES (5, 'Rosene Antonucci', 47, 39);
INSERT INTO a2.player (pid, pname, globalrank, cid) VALUES (7, 'Benjie Bice', 98, 79);
INSERT INTO a2.player (pid, pname, globalrank, cid) VALUES (9, 'Buckie Huffy', 96, 74);
INSERT INTO a2.player (pid, pname, globalrank, cid) VALUES (10, 'Sapphira Fenner', 74, 34);
INSERT INTO a2.player (pid, pname, globalrank, cid) VALUES (12, 'Torry Northcliffe', 95, 89);
INSERT INTO a2.player (pid, pname, globalrank, cid) VALUES (13, 'Mel Malloch', 21, 35);
INSERT INTO a2.player (pid, pname, globalrank, cid) VALUES (14, 'Hortense Kirman', 97, 13);
INSERT INTO a2.player (pid, pname, globalrank, cid) VALUES (15, 'Terrell Murphy', 10, 16);
INSERT INTO a2.player (pid, pname, globalrank, cid) VALUES (17, 'Elwood Alty', 8, 35);
INSERT INTO a2.player (pid, pname, globalrank, cid) VALUES (18, 'Cordi Cleen', 75, 67);
INSERT INTO a2.player (pid, pname, globalrank, cid) VALUES (19, 'Margarette Sandaver', 44, 83);
INSERT INTO a2.player (pid, pname, globalrank, cid) VALUES (20, 'Kylynn Crichmer', 56, 27);
INSERT INTO a2.player (pid, pname, globalrank, cid) VALUES (21, 'Normie Kupke', 71, 28);
INSERT INTO a2.player (pid, pname, globalrank, cid) VALUES (22, 'Minnnie Broadnicke', 41, 83);
INSERT INTO a2.player (pid, pname, globalrank, cid) VALUES (23, 'Dylan Gabitis', 17, 59);
INSERT INTO a2.player (pid, pname, globalrank, cid) VALUES (24, 'Shae Larham', 48, 69);
INSERT INTO a2.player (pid, pname, globalrank, cid) VALUES (25, 'Jourdain Reignolds', 23, 11);
INSERT INTO a2.player (pid, pname, globalrank, cid) VALUES (27, 'Billye Cornau', 32, 26);
INSERT INTO a2.player (pid, pname, globalrank, cid) VALUES (29, 'Eda Wingeatt', 81, 72);
INSERT INTO a2.player (pid, pname, globalrank, cid) VALUES (30, 'Phillipp Luisetti', 12, 25);
INSERT INTO a2.player (pid, pname, globalrank, cid) VALUES (31, 'Colene Hakewell', 27, 47);
INSERT INTO a2.player (pid, pname, globalrank, cid) VALUES (33, 'Brett Heckle', 43, 88);
INSERT INTO a2.player (pid, pname, globalrank, cid) VALUES (35, 'Juliette Dran', 93, 95);
INSERT INTO a2.player (pid, pname, globalrank, cid) VALUES (37, 'Georgetta Rapo', 26, 8);
INSERT INTO a2.player (pid, pname, globalrank, cid) VALUES (39, 'Jessalyn Zellner', 73, 21);
INSERT INTO a2.player (pid, pname, globalrank, cid) VALUES (43, 'Hildagard Loveridge', 30, 36);
INSERT INTO a2.player (pid, pname, globalrank, cid) VALUES (44, 'Leo Baff', 45, 57);
INSERT INTO a2.player (pid, pname, globalrank, cid) VALUES (45, 'Tom MacMurray', 61, 1);
INSERT INTO a2.player (pid, pname, globalrank, cid) VALUES (46, 'Zuzana Andrassy', 59, 87);
INSERT INTO a2.player (pid, pname, globalrank, cid) VALUES (48, 'Verena Mahaddy', 35, 32);
INSERT INTO a2.player (pid, pname, globalrank, cid) VALUES (49, 'Bronny Schwier', 36, 65);
INSERT INTO a2.player (pid, pname, globalrank, cid) VALUES (50, 'Miltie Sazio', 19, 91);
INSERT INTO a2.player (pid, pname, globalrank, cid) VALUES (11, 'Shanda Grimston', 22, 27);
INSERT INTO a2.player (pid, pname, globalrank, cid) VALUES (47, 'Genni Gabel', 33, 2);
INSERT INTO a2.player (pid, pname, globalrank, cid) VALUES (28, 'Thoma Flockhart', 94, 68);
INSERT INTO a2.player (pid, pname, globalrank, cid) VALUES (6, 'Friedrick Bevens', 92, 100);
INSERT INTO a2.player (pid, pname, globalrank, cid) VALUES (41, 'Mela Clulee', 57, 48);
INSERT INTO a2.player (pid, pname, globalrank, cid) VALUES (36, 'Kippy Roon', 42, 73);
INSERT INTO a2.player (pid, pname, globalrank, cid) VALUES (40, 'Dagmar Rabidge', 76, 9);
INSERT INTO a2.player (pid, pname, globalrank, cid) VALUES (8, 'Drake Banes', 13, 4);
INSERT INTO a2.player (pid, pname, globalrank, cid) VALUES (42, 'Spence MacNess', 89, 10);
INSERT INTO a2.player (pid, pname, globalrank, cid) VALUES (16, 'Terri-jo Vittet', 24, 3);
INSERT INTO a2.player (pid, pname, globalrank, cid) VALUES (32, 'Sharona Libreros', 72, 38);
INSERT INTO a2.player (pid, pname, globalrank, cid) VALUES (26, 'Emma Petr', 82, 11);
INSERT INTO a2.player (pid, pname, globalrank, cid) VALUES (34, 'Zhimeng Wang', 88, 29);
INSERT INTO a2.player (pid, pname, globalrank, cid) VALUES (38, 'Dawalish', 1, 34);

INSERT INTO a2.tournament (tid, tname, cid) VALUES (1, 'Domainer', 39);
INSERT INTO a2.tournament (tid, tname, cid) VALUES (2, 'Subin', 97);
INSERT INTO a2.tournament (tid, tname, cid) VALUES (3, 'Tin', 76);
INSERT INTO a2.tournament (tid, tname, cid) VALUES (4, 'It', 62);
INSERT INTO a2.tournament (tid, tname, cid) VALUES (5, 'Veribet', 27);
INSERT INTO a2.tournament (tid, tname, cid) VALUES (6, 'Y-find', 96);
INSERT INTO a2.tournament (tid, tname, cid) VALUES (7, 'Tres-Zap', 93);
INSERT INTO a2.tournament (tid, tname, cid) VALUES (8, 'Tempsoft', 34);
INSERT INTO a2.tournament (tid, tname, cid) VALUES (9, 'Andalax', 10);
INSERT INTO a2.tournament (tid, tname, cid) VALUES (10, 'Alpha', 66);
INSERT INTO a2.tournament (tid, tname, cid) VALUES (12, 'Biodex', 77);
INSERT INTO a2.tournament (tid, tname, cid) VALUES (13, 'Wrapsafe', 78);
INSERT INTO a2.tournament (tid, tname, cid) VALUES (14, 'Veribet', 56);
INSERT INTO a2.tournament (tid, tname, cid) VALUES (15, 'Konklab', 18);
INSERT INTO a2.tournament (tid, tname, cid) VALUES (16, 'Ronstring', 29);
INSERT INTO a2.tournament (tid, tname, cid) VALUES (17, 'Sonair', 89);
INSERT INTO a2.tournament (tid, tname, cid) VALUES (18, 'Aerified', 74);
INSERT INTO a2.tournament (tid, tname, cid) VALUES (19, 'Kanlam', 53);
INSERT INTO a2.tournament (tid, tname, cid) VALUES (20, 'Solarbreeze', 6);
INSERT INTO a2.tournament (tid, tname, cid) VALUES (21, 'Fixflex', 59);
INSERT INTO a2.tournament (tid, tname, cid) VALUES (22, 'Veribet', 72);
INSERT INTO a2.tournament (tid, tname, cid) VALUES (23, 'Tempsoft', 13);
INSERT INTO a2.tournament (tid, tname, cid) VALUES (24, 'Zamit', 40);
INSERT INTO a2.tournament (tid, tname, cid) VALUES (25, 'Tres-Zap', 44);
INSERT INTO a2.tournament (tid, tname, cid) VALUES (26, 'Otcom', 15);
INSERT INTO a2.tournament (tid, tname, cid) VALUES (27, 'Matsoft', 36);
INSERT INTO a2.tournament (tid, tname, cid) VALUES (28, 'Bamity', 91);
INSERT INTO a2.tournament (tid, tname, cid) VALUES (29, 'Y-find', 47);
INSERT INTO a2.tournament (tid, tname, cid) VALUES (30, 'Bitchip', 49);
INSERT INTO a2.tournament (tid, tname, cid) VALUES (31, 'Otcom', 82);
INSERT INTO a2.tournament (tid, tname, cid) VALUES (32, 'Zathin', 27);
INSERT INTO a2.tournament (tid, tname, cid) VALUES (33, 'Matsoft', 94);
INSERT INTO a2.tournament (tid, tname, cid) VALUES (34, 'Zamit', 21);
INSERT INTO a2.tournament (tid, tname, cid) VALUES (35, 'Subin', 32);
INSERT INTO a2.tournament (tid, tname, cid) VALUES (36, 'Fix San', 97);
INSERT INTO a2.tournament (tid, tname, cid) VALUES (37, 'Andalax', 16);
INSERT INTO a2.tournament (tid, tname, cid) VALUES (38, 'Fintone', 37);
INSERT INTO a2.tournament (tid, tname, cid) VALUES (39, 'Keylex', 38);
INSERT INTO a2.tournament (tid, tname, cid) VALUES (40, 'Mat Lam Tam', 65);
INSERT INTO a2.tournament (tid, tname, cid) VALUES (41, 'Bamity', 90);
INSERT INTO a2.tournament (tid, tname, cid) VALUES (42, 'Stronghold', 15);
INSERT INTO a2.tournament (tid, tname, cid) VALUES (43, 'Holdlamis', 38);
INSERT INTO a2.tournament (tid, tname, cid) VALUES (44, 'Tempsoft', 45);
INSERT INTO a2.tournament (tid, tname, cid) VALUES (45, 'Span', 7);
INSERT INTO a2.tournament (tid, tname, cid) VALUES (46, 'Cardguard', 94);
INSERT INTO a2.tournament (tid, tname, cid) VALUES (47, 'Mat Lam Tam', 27);
INSERT INTO a2.tournament (tid, tname, cid) VALUES (48, 'Zontrax', 20);
INSERT INTO a2.tournament (tid, tname, cid) VALUES (49, 'Bamity', 97);
INSERT INTO a2.tournament (tid, tname, cid) VALUES (50, 'Treeflex', 94);
INSERT INTO a2.tournament (tid, tname, cid) VALUES (11, 'Zoolab', 29);

INSERT INTO a2.court (courtid, courtname, capacity, tid) VALUES (1, 'Fivebridge', 2507, 30);
INSERT INTO a2.court (courtid, courtname, capacity, tid) VALUES (2, 'Meejo', 2184, 28);
INSERT INTO a2.court (courtid, courtname, capacity, tid) VALUES (3, 'Skyndu', 6764, 8);
INSERT INTO a2.court (courtid, courtname, capacity, tid) VALUES (4, 'Meejo', 1978, 32);
INSERT INTO a2.court (courtid, courtname, capacity, tid) VALUES (5, 'Wordtune', 2308, 24);
INSERT INTO a2.court (courtid, courtname, capacity, tid) VALUES (6, 'Feednation', 6478, 40);
INSERT INTO a2.court (courtid, courtname, capacity, tid) VALUES (7, 'Zooxo', 2504, 15);
INSERT INTO a2.court (courtid, courtname, capacity, tid) VALUES (8, 'Eare', 8298, 38);
INSERT INTO a2.court (courtid, courtname, capacity, tid) VALUES (9, 'Youbridge', 8911, 20);
INSERT INTO a2.court (courtid, courtname, capacity, tid) VALUES (10, 'Snaptags', 9052, 28);
INSERT INTO a2.court (courtid, courtname, capacity, tid) VALUES (11, 'Bubbletube', 6370, 45);
INSERT INTO a2.court (courtid, courtname, capacity, tid) VALUES (12, 'Zoomdog', 9408, 24);
INSERT INTO a2.court (courtid, courtname, capacity, tid) VALUES (13, 'Kamba', 1492, 43);
INSERT INTO a2.court (courtid, courtname, capacity, tid) VALUES (14, 'Photobug', 5693, 2);
INSERT INTO a2.court (courtid, courtname, capacity, tid) VALUES (15, 'Browsedrive', 7739, 36);
INSERT INTO a2.court (courtid, courtname, capacity, tid) VALUES (16, 'Twitterbridge', 6286, 45);
INSERT INTO a2.court (courtid, courtname, capacity, tid) VALUES (17, 'Nlounge', 5927, 46);
INSERT INTO a2.court (courtid, courtname, capacity, tid) VALUES (18, 'Shuffledrive', 5385, 2);
INSERT INTO a2.court (courtid, courtname, capacity, tid) VALUES (19, 'Feedfire', 6927, 3);
INSERT INTO a2.court (courtid, courtname, capacity, tid) VALUES (20, 'Voonix', 5315, 38);
INSERT INTO a2.court (courtid, courtname, capacity, tid) VALUES (21, 'Wikizz', 4905, 50);
INSERT INTO a2.court (courtid, courtname, capacity, tid) VALUES (22, 'Cogidoo', 2845, 31);
INSERT INTO a2.court (courtid, courtname, capacity, tid) VALUES (23, 'Oyoloo', 4185, 47);
INSERT INTO a2.court (courtid, courtname, capacity, tid) VALUES (24, 'Mydo', 1817, 26);
INSERT INTO a2.court (courtid, courtname, capacity, tid) VALUES (25, 'Muxo', 8499, 1);
INSERT INTO a2.court (courtid, courtname, capacity, tid) VALUES (26, 'Miboo', 1761, 40);
INSERT INTO a2.court (courtid, courtname, capacity, tid) VALUES (27, 'Vinte', 9446, 27);
INSERT INTO a2.court (courtid, courtname, capacity, tid) VALUES (28, 'Devbug', 2416, 8);
INSERT INTO a2.court (courtid, courtname, capacity, tid) VALUES (29, 'Meezzy', 1558, 35);
INSERT INTO a2.court (courtid, courtname, capacity, tid) VALUES (30, 'Fatz', 7754, 11);
INSERT INTO a2.court (courtid, courtname, capacity, tid) VALUES (31, 'Dynava', 7495, 32);
INSERT INTO a2.court (courtid, courtname, capacity, tid) VALUES (32, 'Wikizz', 7290, 27);
INSERT INTO a2.court (courtid, courtname, capacity, tid) VALUES (33, 'Twitterbeat', 5133, 14);
INSERT INTO a2.court (courtid, courtname, capacity, tid) VALUES (34, 'Skippad', 7316, 47);
INSERT INTO a2.court (courtid, courtname, capacity, tid) VALUES (35, 'Browsezoom', 3641, 6);
INSERT INTO a2.court (courtid, courtname, capacity, tid) VALUES (36, 'Tagchat', 9003, 5);
INSERT INTO a2.court (courtid, courtname, capacity, tid) VALUES (37, 'Einti', 9519, 9);
INSERT INTO a2.court (courtid, courtname, capacity, tid) VALUES (38, 'Browsebug', 3929, 25);
INSERT INTO a2.court (courtid, courtname, capacity, tid) VALUES (39, 'Jamia', 9061, 45);
INSERT INTO a2.court (courtid, courtname, capacity, tid) VALUES (40, 'Livetube', 6494, 29);
INSERT INTO a2.court (courtid, courtname, capacity, tid) VALUES (41, 'Rhyzio', 9517, 2);
INSERT INTO a2.court (courtid, courtname, capacity, tid) VALUES (42, 'Linkbridge', 2174, 18);
INSERT INTO a2.court (courtid, courtname, capacity, tid) VALUES (43, 'Quamba', 5641, 20);
INSERT INTO a2.court (courtid, courtname, capacity, tid) VALUES (44, 'Kanoodle', 1591, 41);
INSERT INTO a2.court (courtid, courtname, capacity, tid) VALUES (45, 'Wordify', 5750, 42);
INSERT INTO a2.court (courtid, courtname, capacity, tid) VALUES (46, 'Realpoint', 5228, 6);
INSERT INTO a2.court (courtid, courtname, capacity, tid) VALUES (47, 'Twimbo', 4832, 45);
INSERT INTO a2.court (courtid, courtname, capacity, tid) VALUES (48, 'Yakidoo', 2269, 35);
INSERT INTO a2.court (courtid, courtname, capacity, tid) VALUES (49, 'Skipstorm', 2300, 47);
INSERT INTO a2.court (courtid, courtname, capacity, tid) VALUES (50, 'Vinte', 3585, 29);

INSERT INTO a2.champion (pid, year, tid) VALUES (1, 2006, 35);
INSERT INTO a2.champion (pid, year, tid) VALUES (1, 1939, 7);
INSERT INTO a2.champion (pid, year, tid) VALUES (1, 1995, 28);
INSERT INTO a2.champion (pid, year, tid) VALUES (2, 1985, 13);
INSERT INTO a2.champion (pid, year, tid) VALUES (2, 1969, 19);
INSERT INTO a2.champion (pid, year, tid) VALUES (3, 1933, 9);
INSERT INTO a2.champion (pid, year, tid) VALUES (3, 1968, 17);
INSERT INTO a2.champion (pid, year, tid) VALUES (3, 1905, 9);
INSERT INTO a2.champion (pid, year, tid) VALUES (4, 1933, 41);
INSERT INTO a2.champion (pid, year, tid) VALUES (4, 1924, 50);
INSERT INTO a2.champion (pid, year, tid) VALUES (4, 1951, 18);
INSERT INTO a2.champion (pid, year, tid) VALUES (5, 1925, 11);
INSERT INTO a2.champion (pid, year, tid) VALUES (5, 1907, 42);
INSERT INTO a2.champion (pid, year, tid) VALUES (5, 2014, 42);
INSERT INTO a2.champion (pid, year, tid) VALUES (5, 1971, 46);
INSERT INTO a2.champion (pid, year, tid) VALUES (5, 2000, 44);
INSERT INTO a2.champion (pid, year, tid) VALUES (5, 1980, 29);
INSERT INTO a2.champion (pid, year, tid) VALUES (6, 1908, 27);
INSERT INTO a2.champion (pid, year, tid) VALUES (6, 1964, 11);
INSERT INTO a2.champion (pid, year, tid) VALUES (7, 1955, 24);
INSERT INTO a2.champion (pid, year, tid) VALUES (7, 1914, 15);
INSERT INTO a2.champion (pid, year, tid) VALUES (8, 2005, 2);
INSERT INTO a2.champion (pid, year, tid) VALUES (8, 1986, 5);
INSERT INTO a2.champion (pid, year, tid) VALUES (9, 1910, 12);
INSERT INTO a2.champion (pid, year, tid) VALUES (9, 2007, 26);
INSERT INTO a2.champion (pid, year, tid) VALUES (9, 1936, 22);
INSERT INTO a2.champion (pid, year, tid) VALUES (9, 1956, 44);
INSERT INTO a2.champion (pid, year, tid) VALUES (10, 1967, 6);
INSERT INTO a2.champion (pid, year, tid) VALUES (10, 1985, 36);
INSERT INTO a2.champion (pid, year, tid) VALUES (10, 1912, 41);
INSERT INTO a2.champion (pid, year, tid) VALUES (10, 1968, 11);
INSERT INTO a2.champion (pid, year, tid) VALUES (10, 1989, 30);
INSERT INTO a2.champion (pid, year, tid) VALUES (11, 2019, 27);
INSERT INTO a2.champion (pid, year, tid) VALUES (11, 1999, 7);
INSERT INTO a2.champion (pid, year, tid) VALUES (11, 1925, 27);
INSERT INTO a2.champion (pid, year, tid) VALUES (11, 1998, 3);
INSERT INTO a2.champion (pid, year, tid) VALUES (11, 1909, 46);
INSERT INTO a2.champion (pid, year, tid) VALUES (11, 1955, 8);
INSERT INTO a2.champion (pid, year, tid) VALUES (12, 1918, 2);
INSERT INTO a2.champion (pid, year, tid) VALUES (12, 1915, 44);
INSERT INTO a2.champion (pid, year, tid) VALUES (12, 1929, 16);
INSERT INTO a2.champion (pid, year, tid) VALUES (12, 1984, 29);
INSERT INTO a2.champion (pid, year, tid) VALUES (12, 1979, 15);
INSERT INTO a2.champion (pid, year, tid) VALUES (12, 1947, 7);
INSERT INTO a2.champion (pid, year, tid) VALUES (12, 1970, 16);
INSERT INTO a2.champion (pid, year, tid) VALUES (13, 1969, 46);
INSERT INTO a2.champion (pid, year, tid) VALUES (14, 1968, 19);
INSERT INTO a2.champion (pid, year, tid) VALUES (14, 1919, 15);
INSERT INTO a2.champion (pid, year, tid) VALUES (14, 1933, 29);
INSERT INTO a2.champion (pid, year, tid) VALUES (14, 1933, 28);
INSERT INTO a2.champion (pid, year, tid) VALUES (15, 1942, 13);
INSERT INTO a2.champion (pid, year, tid) VALUES (15, 1962, 10);
INSERT INTO a2.champion (pid, year, tid) VALUES (15, 1991, 20);
INSERT INTO a2.champion (pid, year, tid) VALUES (15, 1941, 38);
INSERT INTO a2.champion (pid, year, tid) VALUES (16, 1975, 49);
INSERT INTO a2.champion (pid, year, tid) VALUES (16, 1992, 17);
INSERT INTO a2.champion (pid, year, tid) VALUES (16, 1953, 41);
INSERT INTO a2.champion (pid, year, tid) VALUES (16, 1907, 40);
INSERT INTO a2.champion (pid, year, tid) VALUES (16, 1920, 19);
INSERT INTO a2.champion (pid, year, tid) VALUES (17, 1940, 32);
INSERT INTO a2.champion (pid, year, tid) VALUES (17, 1987, 35);
INSERT INTO a2.champion (pid, year, tid) VALUES (17, 1959, 3);
INSERT INTO a2.champion (pid, year, tid) VALUES (17, 1990, 9);
INSERT INTO a2.champion (pid, year, tid) VALUES (17, 1982, 6);
INSERT INTO a2.champion (pid, year, tid) VALUES (18, 1972, 19);
INSERT INTO a2.champion (pid, year, tid) VALUES (18, 1989, 38);
INSERT INTO a2.champion (pid, year, tid) VALUES (18, 2002, 20);
INSERT INTO a2.champion (pid, year, tid) VALUES (18, 1909, 13);
INSERT INTO a2.champion (pid, year, tid) VALUES (19, 1932, 44);
INSERT INTO a2.champion (pid, year, tid) VALUES (20, 1920, 25);
INSERT INTO a2.champion (pid, year, tid) VALUES (20, 2004, 11);
INSERT INTO a2.champion (pid, year, tid) VALUES (20, 1978, 20);
INSERT INTO a2.champion (pid, year, tid) VALUES (21, 1914, 50);
INSERT INTO a2.champion (pid, year, tid) VALUES (21, 1914, 23);
INSERT INTO a2.champion (pid, year, tid) VALUES (21, 1931, 28);
INSERT INTO a2.champion (pid, year, tid) VALUES (22, 1942, 42);
INSERT INTO a2.champion (pid, year, tid) VALUES (22, 1998, 18);
INSERT INTO a2.champion (pid, year, tid) VALUES (22, 2015, 2);
INSERT INTO a2.champion (pid, year, tid) VALUES (22, 2002, 24);
INSERT INTO a2.champion (pid, year, tid) VALUES (23, 1993, 31);
INSERT INTO a2.champion (pid, year, tid) VALUES (23, 1927, 23);
INSERT INTO a2.champion (pid, year, tid) VALUES (24, 1983, 19);
INSERT INTO a2.champion (pid, year, tid) VALUES (24, 1940, 22);
INSERT INTO a2.champion (pid, year, tid) VALUES (24, 1920, 38);
INSERT INTO a2.champion (pid, year, tid) VALUES (24, 2014, 36);
INSERT INTO a2.champion (pid, year, tid) VALUES (25, 1912, 31);
INSERT INTO a2.champion (pid, year, tid) VALUES (25, 1963, 18);
INSERT INTO a2.champion (pid, year, tid) VALUES (26, 2000, 45);
INSERT INTO a2.champion (pid, year, tid) VALUES (26, 1996, 34);
INSERT INTO a2.champion (pid, year, tid) VALUES (26, 1955, 42);
INSERT INTO a2.champion (pid, year, tid) VALUES (26, 1937, 38);
INSERT INTO a2.champion (pid, year, tid) VALUES (26, 2009, 16);
INSERT INTO a2.champion (pid, year, tid) VALUES (26, 1972, 28);
INSERT INTO a2.champion (pid, year, tid) VALUES (27, 1937, 6);
INSERT INTO a2.champion (pid, year, tid) VALUES (27, 1985, 10);
INSERT INTO a2.champion (pid, year, tid) VALUES (27, 1939, 20);
INSERT INTO a2.champion (pid, year, tid) VALUES (27, 1990, 41);
INSERT INTO a2.champion (pid, year, tid) VALUES (27, 1955, 28);
INSERT INTO a2.champion (pid, year, tid) VALUES (27, 1932, 6);
INSERT INTO a2.champion (pid, year, tid) VALUES (28, 1996, 36);
INSERT INTO a2.champion (pid, year, tid) VALUES (28, 2005, 12);
INSERT INTO a2.champion (pid, year, tid) VALUES (28, 1933, 12);
INSERT INTO a2.champion (pid, year, tid) VALUES (28, 1909, 1);
INSERT INTO a2.champion (pid, year, tid) VALUES (29, 2009, 49);
INSERT INTO a2.champion (pid, year, tid) VALUES (29, 1988, 32);
INSERT INTO a2.champion (pid, year, tid) VALUES (29, 2003, 47);
INSERT INTO a2.champion (pid, year, tid) VALUES (29, 2003, 7);
INSERT INTO a2.champion (pid, year, tid) VALUES (29, 1913, 26);
INSERT INTO a2.champion (pid, year, tid) VALUES (30, 1952, 45);
INSERT INTO a2.champion (pid, year, tid) VALUES (30, 1996, 43);
INSERT INTO a2.champion (pid, year, tid) VALUES (30, 1997, 41);
INSERT INTO a2.champion (pid, year, tid) VALUES (30, 1979, 47);
INSERT INTO a2.champion (pid, year, tid) VALUES (30, 1936, 16);
INSERT INTO a2.champion (pid, year, tid) VALUES (30, 1995, 31);
INSERT INTO a2.champion (pid, year, tid) VALUES (31, 1997, 46);
INSERT INTO a2.champion (pid, year, tid) VALUES (31, 1998, 37);
INSERT INTO a2.champion (pid, year, tid) VALUES (31, 1918, 8);
INSERT INTO a2.champion (pid, year, tid) VALUES (31, 1965, 44);
INSERT INTO a2.champion (pid, year, tid) VALUES (32, 1948, 29);
INSERT INTO a2.champion (pid, year, tid) VALUES (32, 2001, 18);
INSERT INTO a2.champion (pid, year, tid) VALUES (32, 1962, 15);
INSERT INTO a2.champion (pid, year, tid) VALUES (33, 1987, 23);
INSERT INTO a2.champion (pid, year, tid) VALUES (34, 1904, 33);
INSERT INTO a2.champion (pid, year, tid) VALUES (34, 1998, 32);
INSERT INTO a2.champion (pid, year, tid) VALUES (34, 1934, 13);
INSERT INTO a2.champion (pid, year, tid) VALUES (34, 1946, 12);
INSERT INTO a2.champion (pid, year, tid) VALUES (34, 2017, 11);
INSERT INTO a2.champion (pid, year, tid) VALUES (34, 2012, 20);
INSERT INTO a2.champion (pid, year, tid) VALUES (34, 1947, 50);
INSERT INTO a2.champion (pid, year, tid) VALUES (35, 1913, 37);
INSERT INTO a2.champion (pid, year, tid) VALUES (35, 1912, 38);
INSERT INTO a2.champion (pid, year, tid) VALUES (35, 1960, 18);
INSERT INTO a2.champion (pid, year, tid) VALUES (35, 1916, 14);
INSERT INTO a2.champion (pid, year, tid) VALUES (35, 1915, 43);
INSERT INTO a2.champion (pid, year, tid) VALUES (35, 1947, 27);
INSERT INTO a2.champion (pid, year, tid) VALUES (35, 1994, 2);
INSERT INTO a2.champion (pid, year, tid) VALUES (36, 1995, 32);
INSERT INTO a2.champion (pid, year, tid) VALUES (36, 1926, 48);
INSERT INTO a2.champion (pid, year, tid) VALUES (37, 1928, 27);
INSERT INTO a2.champion (pid, year, tid) VALUES (37, 2000, 11);
INSERT INTO a2.champion (pid, year, tid) VALUES (37, 1977, 30);
INSERT INTO a2.champion (pid, year, tid) VALUES (37, 1901, 17);
INSERT INTO a2.champion (pid, year, tid) VALUES (37, 1993, 42);
INSERT INTO a2.champion (pid, year, tid) VALUES (37, 1979, 46);
INSERT INTO a2.champion (pid, year, tid) VALUES (38, 1983, 43);
INSERT INTO a2.champion (pid, year, tid) VALUES (38, 1986, 48);
INSERT INTO a2.champion (pid, year, tid) VALUES (39, 1924, 31);
INSERT INTO a2.champion (pid, year, tid) VALUES (39, 1988, 9);
INSERT INTO a2.champion (pid, year, tid) VALUES (39, 1929, 47);
INSERT INTO a2.champion (pid, year, tid) VALUES (39, 1996, 46);
INSERT INTO a2.champion (pid, year, tid) VALUES (39, 1974, 47);
INSERT INTO a2.champion (pid, year, tid) VALUES (39, 2016, 49);
INSERT INTO a2.champion (pid, year, tid) VALUES (40, 1996, 41);
INSERT INTO a2.champion (pid, year, tid) VALUES (40, 1979, 1);
INSERT INTO a2.champion (pid, year, tid) VALUES (40, 1972, 36);
INSERT INTO a2.champion (pid, year, tid) VALUES (41, 1998, 16);
INSERT INTO a2.champion (pid, year, tid) VALUES (41, 1943, 22);
INSERT INTO a2.champion (pid, year, tid) VALUES (41, 1966, 42);
INSERT INTO a2.champion (pid, year, tid) VALUES (41, 1914, 17);
INSERT INTO a2.champion (pid, year, tid) VALUES (41, 1906, 15);
INSERT INTO a2.champion (pid, year, tid) VALUES (42, 1908, 10);
INSERT INTO a2.champion (pid, year, tid) VALUES (42, 2005, 8);
INSERT INTO a2.champion (pid, year, tid) VALUES (43, 1950, 43);
INSERT INTO a2.champion (pid, year, tid) VALUES (43, 1927, 37);
INSERT INTO a2.champion (pid, year, tid) VALUES (43, 1994, 39);
INSERT INTO a2.champion (pid, year, tid) VALUES (43, 2002, 4);
INSERT INTO a2.champion (pid, year, tid) VALUES (43, 1939, 17);
INSERT INTO a2.champion (pid, year, tid) VALUES (43, 1954, 4);
INSERT INTO a2.champion (pid, year, tid) VALUES (43, 1988, 20);
INSERT INTO a2.champion (pid, year, tid) VALUES (44, 1908, 30);
INSERT INTO a2.champion (pid, year, tid) VALUES (44, 1928, 13);
INSERT INTO a2.champion (pid, year, tid) VALUES (44, 1953, 37);
INSERT INTO a2.champion (pid, year, tid) VALUES (44, 2005, 38);
INSERT INTO a2.champion (pid, year, tid) VALUES (44, 2009, 6);
INSERT INTO a2.champion (pid, year, tid) VALUES (44, 1954, 22);
INSERT INTO a2.champion (pid, year, tid) VALUES (45, 1979, 22);
INSERT INTO a2.champion (pid, year, tid) VALUES (45, 1911, 1);
INSERT INTO a2.champion (pid, year, tid) VALUES (45, 2002, 18);
INSERT INTO a2.champion (pid, year, tid) VALUES (45, 1987, 22);
INSERT INTO a2.champion (pid, year, tid) VALUES (46, 1928, 31);
INSERT INTO a2.champion (pid, year, tid) VALUES (46, 2009, 41);
INSERT INTO a2.champion (pid, year, tid) VALUES (46, 1971, 26);
INSERT INTO a2.champion (pid, year, tid) VALUES (47, 1950, 9);
INSERT INTO a2.champion (pid, year, tid) VALUES (47, 1939, 15);
INSERT INTO a2.champion (pid, year, tid) VALUES (47, 1962, 6);
INSERT INTO a2.champion (pid, year, tid) VALUES (47, 1984, 44);
INSERT INTO a2.champion (pid, year, tid) VALUES (48, 1909, 14);
INSERT INTO a2.champion (pid, year, tid) VALUES (48, 1966, 3);
INSERT INTO a2.champion (pid, year, tid) VALUES (49, 1982, 24);
INSERT INTO a2.champion (pid, year, tid) VALUES (49, 1959, 13);
INSERT INTO a2.champion (pid, year, tid) VALUES (49, 1914, 13);
INSERT INTO a2.champion (pid, year, tid) VALUES (49, 1936, 32);
INSERT INTO a2.champion (pid, year, tid) VALUES (49, 2018, 28);
INSERT INTO a2.champion (pid, year, tid) VALUES (49, 1903, 47);
INSERT INTO a2.champion (pid, year, tid) VALUES (49, 1903, 19);
INSERT INTO a2.champion (pid, year, tid) VALUES (50, 1933, 43);
INSERT INTO a2.champion (pid, year, tid) VALUES (50, 2011, 14);
INSERT INTO a2.champion (pid, year, tid) VALUES (50, 1968, 32);
INSERT INTO a2.champion (pid, year, tid) VALUES (50, 1945, 21);
INSERT INTO a2.champion (pid, year, tid) VALUES (50, 1951, 31);

INSERT INTO a2.event (eid, year, courtid, winid, lossid, duration) VALUES (1, 2019, 27, 27, 16, 23);
INSERT INTO a2.event (eid, year, courtid, winid, lossid, duration) VALUES (2, 2019, 27, 4, 23, 25);
INSERT INTO a2.event (eid, year, courtid, winid, lossid, duration) VALUES (3, 2019, 27, 11, 21, 33);
INSERT INTO a2.event (eid, year, courtid, winid, lossid, duration) VALUES (4, 2019, 27, 42, 2, 27);
INSERT INTO a2.event (eid, year, courtid, winid, lossid, duration) VALUES (5, 2019, 27, 40, 50, 4);
INSERT INTO a2.event (eid, year, courtid, winid, lossid, duration) VALUES (6, 2019, 27, 13, 17, 40);
INSERT INTO a2.event (eid, year, courtid, winid, lossid, duration) VALUES (7, 2019, 27, 15, 37, 21);
INSERT INTO a2.event (eid, year, courtid, winid, lossid, duration) VALUES (8, 2019, 27, 13, 1, 3);
INSERT INTO a2.event (eid, year, courtid, winid, lossid, duration) VALUES (9, 2019, 27, 37, 21, 49);
INSERT INTO a2.event (eid, year, courtid, winid, lossid, duration) VALUES (10, 2019, 27, 23, 16, 25);
INSERT INTO a2.event (eid, year, courtid, winid, lossid, duration) VALUES (11, 2019, 27, 48, 40, 11);
INSERT INTO a2.event (eid, year, courtid, winid, lossid, duration) VALUES (12, 2019, 27, 6, 10, 23);
INSERT INTO a2.event (eid, year, courtid, winid, lossid, duration) VALUES (13, 2019, 27, 12, 48, 33);
INSERT INTO a2.event (eid, year, courtid, winid, lossid, duration) VALUES (14, 2019, 27, 9, 10, 4);
INSERT INTO a2.event (eid, year, courtid, winid, lossid, duration) VALUES (15, 2019, 27, 27, 40, 5);
INSERT INTO a2.event (eid, year, courtid, winid, lossid, duration) VALUES (16, 2019, 27, 17, 34, 10);
INSERT INTO a2.event (eid, year, courtid, winid, lossid, duration) VALUES (17, 2019, 27, 8, 42, 23);
INSERT INTO a2.event (eid, year, courtid, winid, lossid, duration) VALUES (18, 2019, 27, 46, 37, 40);
INSERT INTO a2.event (eid, year, courtid, winid, lossid, duration) VALUES (19, 2019, 27, 13, 4, 9);
INSERT INTO a2.event (eid, year, courtid, winid, lossid, duration) VALUES (20, 2019, 27, 40, 23, 33);
INSERT INTO a2.event (eid, year, courtid, winid, lossid, duration) VALUES (21, 2019, 27, 13, 29, 31);
INSERT INTO a2.event (eid, year, courtid, winid, lossid, duration) VALUES (22, 2019, 27, 3, 27, 30);
INSERT INTO a2.event (eid, year, courtid, winid, lossid, duration) VALUES (23, 2019, 27, 42, 16, 38);
INSERT INTO a2.event (eid, year, courtid, winid, lossid, duration) VALUES (24, 2019, 27, 23, 35, 19);
INSERT INTO a2.event (eid, year, courtid, winid, lossid, duration) VALUES (25, 2019, 27, 49, 31, 45);
INSERT INTO a2.event (eid, year, courtid, winid, lossid, duration) VALUES (26, 2019, 27, 9, 14, 33);
INSERT INTO a2.event (eid, year, courtid, winid, lossid, duration) VALUES (27, 2019, 27, 4, 5, 27);
INSERT INTO a2.event (eid, year, courtid, winid, lossid, duration) VALUES (28, 2019, 27, 20, 21, 48);
INSERT INTO a2.event (eid, year, courtid, winid, lossid, duration) VALUES (29, 2019, 27, 31, 48, 10);
INSERT INTO a2.event (eid, year, courtid, winid, lossid, duration) VALUES (30, 2019, 27, 46, 34, 36);
INSERT INTO a2.event (eid, year, courtid, winid, lossid, duration) VALUES (31, 2019, 27, 6, 44, 4);
INSERT INTO a2.event (eid, year, courtid, winid, lossid, duration) VALUES (32, 2019, 27, 39, 37, 38);
INSERT INTO a2.event (eid, year, courtid, winid, lossid, duration) VALUES (33, 2019, 27, 9, 21, 23);
INSERT INTO a2.event (eid, year, courtid, winid, lossid, duration) VALUES (34, 2019, 27, 47, 16, 42);
INSERT INTO a2.event (eid, year, courtid, winid, lossid, duration) VALUES (35, 2019, 27, 40, 11, 50);
INSERT INTO a2.event (eid, year, courtid, winid, lossid, duration) VALUES (36, 2019, 27, 38, 6, 28);
INSERT INTO a2.event (eid, year, courtid, winid, lossid, duration) VALUES (37, 2019, 27, 31, 9, 45);
INSERT INTO a2.event (eid, year, courtid, winid, lossid, duration) VALUES (38, 2019, 27, 9, 1, 45);
INSERT INTO a2.event (eid, year, courtid, winid, lossid, duration) VALUES (39, 2019, 27, 32, 10, 36);
INSERT INTO a2.event (eid, year, courtid, winid, lossid, duration) VALUES (40, 2019, 27, 3, 2, 33);
INSERT INTO a2.event (eid, year, courtid, winid, lossid, duration) VALUES (41, 2019, 27, 29, 36, 11);
INSERT INTO a2.event (eid, year, courtid, winid, lossid, duration) VALUES (42, 2019, 27, 37, 46, 8);
INSERT INTO a2.event (eid, year, courtid, winid, lossid, duration) VALUES (43, 2019, 27, 22, 21, 41);
INSERT INTO a2.event (eid, year, courtid, winid, lossid, duration) VALUES (44, 2019, 27, 19, 6, 47);
INSERT INTO a2.event (eid, year, courtid, winid, lossid, duration) VALUES (45, 2019, 27, 32, 3, 15);
INSERT INTO a2.event (eid, year, courtid, winid, lossid, duration) VALUES (46, 2019, 27, 10, 21, 23);
INSERT INTO a2.event (eid, year, courtid, winid, lossid, duration) VALUES (47, 2019, 27, 49, 37, 21);
INSERT INTO a2.event (eid, year, courtid, winid, lossid, duration) VALUES (48, 2019, 27, 43, 23, 17);
INSERT INTO a2.event (eid, year, courtid, winid, lossid, duration) VALUES (49, 2019, 27, 49, 12, 14);
INSERT INTO a2.event (eid, year, courtid, winid, lossid, duration) VALUES (50, 2019, 27, 44, 23, 17);
INSERT INTO a2.event (eid, year, courtid, winid, lossid, duration) VALUES (51, 2019, 27, 10, 19, 41);
INSERT INTO a2.event (eid, year, courtid, winid, lossid, duration) VALUES (52, 2019, 27, 34, 7, 18);
INSERT INTO a2.event (eid, year, courtid, winid, lossid, duration) VALUES (53, 2019, 27, 8, 43, 37);
INSERT INTO a2.event (eid, year, courtid, winid, lossid, duration) VALUES (54, 2019, 27, 16, 35, 41);
INSERT INTO a2.event (eid, year, courtid, winid, lossid, duration) VALUES (55, 2019, 27, 7, 5, 40);
INSERT INTO a2.event (eid, year, courtid, winid, lossid, duration) VALUES (56, 2019, 27, 21, 1, 49);
INSERT INTO a2.event (eid, year, courtid, winid, lossid, duration) VALUES (57, 2019, 27, 1, 38, 18);
INSERT INTO a2.event (eid, year, courtid, winid, lossid, duration) VALUES (58, 2019, 27, 45, 6, 6);
INSERT INTO a2.event (eid, year, courtid, winid, lossid, duration) VALUES (59, 2019, 27, 15, 4, 11);
INSERT INTO a2.event (eid, year, courtid, winid, lossid, duration) VALUES (60, 2019, 27, 44, 23, 36);
INSERT INTO a2.event (eid, year, courtid, winid, lossid, duration) VALUES (61, 2019, 27, 13, 29, 39);
INSERT INTO a2.event (eid, year, courtid, winid, lossid, duration) VALUES (62, 2019, 27, 6, 29, 9);
INSERT INTO a2.event (eid, year, courtid, winid, lossid, duration) VALUES (63, 2019, 27, 22, 12, 12);
INSERT INTO a2.event (eid, year, courtid, winid, lossid, duration) VALUES (64, 2019, 27, 11, 42, 31);
INSERT INTO a2.event (eid, year, courtid, winid, lossid, duration) VALUES (65, 2019, 27, 18, 1, 49);
INSERT INTO a2.event (eid, year, courtid, winid, lossid, duration) VALUES (66, 2019, 27, 7, 39, 21);
INSERT INTO a2.event (eid, year, courtid, winid, lossid, duration) VALUES (67, 2019, 27, 17, 16, 19);
INSERT INTO a2.event (eid, year, courtid, winid, lossid, duration) VALUES (68, 2019, 27, 6, 35, 2);
INSERT INTO a2.event (eid, year, courtid, winid, lossid, duration) VALUES (69, 2019, 27, 12, 1, 8);
INSERT INTO a2.event (eid, year, courtid, winid, lossid, duration) VALUES (70, 2019, 27, 11, 15, 2);
INSERT INTO a2.event (eid, year, courtid, winid, lossid, duration) VALUES (71, 2019, 27, 47, 37, 42);
INSERT INTO a2.event (eid, year, courtid, winid, lossid, duration) VALUES (72, 2019, 27, 39, 1, 11);
INSERT INTO a2.event (eid, year, courtid, winid, lossid, duration) VALUES (73, 2019, 27, 29, 17, 14);
INSERT INTO a2.event (eid, year, courtid, winid, lossid, duration) VALUES (74, 2019, 27, 42, 35, 18);
INSERT INTO a2.event (eid, year, courtid, winid, lossid, duration) VALUES (75, 2019, 27, 23, 46, 3);
INSERT INTO a2.event (eid, year, courtid, winid, lossid, duration) VALUES (76, 2019, 27, 47, 45, 13);
INSERT INTO a2.event (eid, year, courtid, winid, lossid, duration) VALUES (77, 2019, 27, 26, 2, 22);
INSERT INTO a2.event (eid, year, courtid, winid, lossid, duration) VALUES (78, 2019, 27, 19, 39, 27);
INSERT INTO a2.event (eid, year, courtid, winid, lossid, duration) VALUES (79, 2019, 27, 9, 44, 42);
INSERT INTO a2.event (eid, year, courtid, winid, lossid, duration) VALUES (80, 2019, 27, 24, 3, 34);
INSERT INTO a2.event (eid, year, courtid, winid, lossid, duration) VALUES (81, 2019, 27, 50, 17, 5);
INSERT INTO a2.event (eid, year, courtid, winid, lossid, duration) VALUES (82, 2019, 27, 18, 33, 8);
INSERT INTO a2.event (eid, year, courtid, winid, lossid, duration) VALUES (83, 2019, 27, 24, 21, 25);
INSERT INTO a2.event (eid, year, courtid, winid, lossid, duration) VALUES (84, 2019, 27, 20, 45, 8);
INSERT INTO a2.event (eid, year, courtid, winid, lossid, duration) VALUES (85, 2019, 27, 3, 32, 50);
INSERT INTO a2.event (eid, year, courtid, winid, lossid, duration) VALUES (86, 2019, 27, 22, 48, 45);
INSERT INTO a2.event (eid, year, courtid, winid, lossid, duration) VALUES (87, 2019, 27, 42, 17, 35);
INSERT INTO a2.event (eid, year, courtid, winid, lossid, duration) VALUES (88, 2019, 27, 4, 12, 18);
INSERT INTO a2.event (eid, year, courtid, winid, lossid, duration) VALUES (89, 2019, 27, 37, 48, 4);
INSERT INTO a2.event (eid, year, courtid, winid, lossid, duration) VALUES (90, 2019, 27, 26, 2, 18);
INSERT INTO a2.event (eid, year, courtid, winid, lossid, duration) VALUES (91, 2019, 27, 35, 28, 15);
INSERT INTO a2.event (eid, year, courtid, winid, lossid, duration) VALUES (92, 2019, 27, 11, 20, 48);
INSERT INTO a2.event (eid, year, courtid, winid, lossid, duration) VALUES (93, 2019, 27, 23, 21, 41);
INSERT INTO a2.event (eid, year, courtid, winid, lossid, duration) VALUES (94, 2019, 27, 11, 23, 44);
INSERT INTO a2.event (eid, year, courtid, winid, lossid, duration) VALUES (95, 2019, 27, 29, 14, 37);
INSERT INTO a2.event (eid, year, courtid, winid, lossid, duration) VALUES (96, 2019, 27, 11, 33, 16);
INSERT INTO a2.event (eid, year, courtid, winid, lossid, duration) VALUES (97, 2019, 27, 11, 50, 27);
INSERT INTO a2.event (eid, year, courtid, winid, lossid, duration) VALUES (98, 2019, 27, 21, 8, 38);
INSERT INTO a2.event (eid, year, courtid, winid, lossid, duration) VALUES (99, 2019, 27, 43, 1, 15);
INSERT INTO a2.event (eid, year, courtid, winid, lossid, duration) VALUES (100, 2019, 27, 22, 14, 19);
INSERT INTO a2.event (eid, year, courtid, winid, lossid, duration) VALUES (101, 2018, 10, 34, 25, 44);
INSERT INTO a2.event (eid, year, courtid, winid, lossid, duration) VALUES (102, 2018, 10, 23, 50, 36);
INSERT INTO a2.event (eid, year, courtid, winid, lossid, duration) VALUES (103, 2018, 10, 1, 43, 49);
INSERT INTO a2.event (eid, year, courtid, winid, lossid, duration) VALUES (104, 2018, 10, 19, 35, 25);
INSERT INTO a2.event (eid, year, courtid, winid, lossid, duration) VALUES (105, 2018, 10, 49, 47, 13);
INSERT INTO a2.event (eid, year, courtid, winid, lossid, duration) VALUES (106, 2018, 10, 11, 49, 41);
INSERT INTO a2.event (eid, year, courtid, winid, lossid, duration) VALUES (107, 2018, 10, 49, 2, 40);
INSERT INTO a2.event (eid, year, courtid, winid, lossid, duration) VALUES (108, 2018, 10, 30, 10, 19);
INSERT INTO a2.event (eid, year, courtid, winid, lossid, duration) VALUES (109, 2018, 10, 49, 43, 24);
INSERT INTO a2.event (eid, year, courtid, winid, lossid, duration) VALUES (110, 2018, 10, 12, 20, 20);
INSERT INTO a2.event (eid, year, courtid, winid, lossid, duration) VALUES (111, 2018, 10, 18, 22, 30);
INSERT INTO a2.event (eid, year, courtid, winid, lossid, duration) VALUES (112, 2018, 10, 4, 19, 48);
INSERT INTO a2.event (eid, year, courtid, winid, lossid, duration) VALUES (113, 2018, 10, 36, 20, 47);
INSERT INTO a2.event (eid, year, courtid, winid, lossid, duration) VALUES (114, 2018, 10, 19, 20, 21);
INSERT INTO a2.event (eid, year, courtid, winid, lossid, duration) VALUES (115, 2018, 10, 41, 35, 30);
INSERT INTO a2.event (eid, year, courtid, winid, lossid, duration) VALUES (116, 2018, 10, 5, 25, 46);
INSERT INTO a2.event (eid, year, courtid, winid, lossid, duration) VALUES (117, 2018, 10, 46, 33, 16);
INSERT INTO a2.event (eid, year, courtid, winid, lossid, duration) VALUES (118, 2018, 10, 3, 7, 20);
INSERT INTO a2.event (eid, year, courtid, winid, lossid, duration) VALUES (119, 2018, 10, 2, 17, 39);
INSERT INTO a2.event (eid, year, courtid, winid, lossid, duration) VALUES (120, 2018, 10, 49, 17, 29);
INSERT INTO a2.event (eid, year, courtid, winid, lossid, duration) VALUES (121, 2018, 10, 17, 40, 19);
INSERT INTO a2.event (eid, year, courtid, winid, lossid, duration) VALUES (122, 2018, 10, 18, 13, 32);
INSERT INTO a2.event (eid, year, courtid, winid, lossid, duration) VALUES (123, 2018, 10, 31, 4, 18);
INSERT INTO a2.event (eid, year, courtid, winid, lossid, duration) VALUES (124, 2018, 10, 21, 39, 6);
INSERT INTO a2.event (eid, year, courtid, winid, lossid, duration) VALUES (125, 2018, 10, 38, 35, 22);
INSERT INTO a2.event (eid, year, courtid, winid, lossid, duration) VALUES (126, 2018, 10, 28, 9, 22);
INSERT INTO a2.event (eid, year, courtid, winid, lossid, duration) VALUES (127, 2018, 10, 35, 37, 39);
INSERT INTO a2.event (eid, year, courtid, winid, lossid, duration) VALUES (128, 2018, 10, 18, 24, 28);
INSERT INTO a2.event (eid, year, courtid, winid, lossid, duration) VALUES (129, 2018, 10, 17, 5, 35);
INSERT INTO a2.event (eid, year, courtid, winid, lossid, duration) VALUES (130, 2018, 10, 46, 16, 28);
INSERT INTO a2.event (eid, year, courtid, winid, lossid, duration) VALUES (131, 2018, 10, 42, 27, 41);
INSERT INTO a2.event (eid, year, courtid, winid, lossid, duration) VALUES (132, 2018, 10, 43, 10, 4);
INSERT INTO a2.event (eid, year, courtid, winid, lossid, duration) VALUES (133, 2018, 10, 43, 14, 1);
INSERT INTO a2.event (eid, year, courtid, winid, lossid, duration) VALUES (134, 2018, 10, 44, 48, 11);
INSERT INTO a2.event (eid, year, courtid, winid, lossid, duration) VALUES (135, 2018, 10, 43, 46, 33);
INSERT INTO a2.event (eid, year, courtid, winid, lossid, duration) VALUES (136, 2018, 10, 50, 18, 44);
INSERT INTO a2.event (eid, year, courtid, winid, lossid, duration) VALUES (137, 2018, 10, 41, 21, 42);
INSERT INTO a2.event (eid, year, courtid, winid, lossid, duration) VALUES (138, 2018, 10, 12, 43, 11);
INSERT INTO a2.event (eid, year, courtid, winid, lossid, duration) VALUES (139, 2018, 10, 41, 36, 15);
INSERT INTO a2.event (eid, year, courtid, winid, lossid, duration) VALUES (140, 2018, 10, 2, 22, 31);
INSERT INTO a2.event (eid, year, courtid, winid, lossid, duration) VALUES (141, 2018, 10, 33, 41, 43);
INSERT INTO a2.event (eid, year, courtid, winid, lossid, duration) VALUES (142, 2018, 10, 14, 50, 18);
INSERT INTO a2.event (eid, year, courtid, winid, lossid, duration) VALUES (143, 2018, 10, 50, 21, 3);
INSERT INTO a2.event (eid, year, courtid, winid, lossid, duration) VALUES (144, 2018, 10, 3, 14, 20);
INSERT INTO a2.event (eid, year, courtid, winid, lossid, duration) VALUES (145, 2018, 10, 1, 17, 34);
INSERT INTO a2.event (eid, year, courtid, winid, lossid, duration) VALUES (146, 2018, 10, 28, 46, 40);
INSERT INTO a2.event (eid, year, courtid, winid, lossid, duration) VALUES (147, 2018, 10, 13, 3, 49);
INSERT INTO a2.event (eid, year, courtid, winid, lossid, duration) VALUES (148, 2018, 10, 15, 26, 18);
INSERT INTO a2.event (eid, year, courtid, winid, lossid, duration) VALUES (149, 2018, 10, 36, 17, 42);
INSERT INTO a2.event (eid, year, courtid, winid, lossid, duration) VALUES (150, 2018, 10, 20, 33, 20);
INSERT INTO a2.event (eid, year, courtid, winid, lossid, duration) VALUES (151, 2017, 30, 35, 38, 5);
INSERT INTO a2.event (eid, year, courtid, winid, lossid, duration) VALUES (152, 2017, 30, 6, 3, 17);
INSERT INTO a2.event (eid, year, courtid, winid, lossid, duration) VALUES (153, 2017, 30, 13, 50, 40);
INSERT INTO a2.event (eid, year, courtid, winid, lossid, duration) VALUES (154, 2017, 30, 13, 36, 23);
INSERT INTO a2.event (eid, year, courtid, winid, lossid, duration) VALUES (155, 2017, 30, 5, 38, 7);
INSERT INTO a2.event (eid, year, courtid, winid, lossid, duration) VALUES (156, 2017, 30, 23, 39, 30);
INSERT INTO a2.event (eid, year, courtid, winid, lossid, duration) VALUES (157, 2017, 30, 24, 25, 12);
INSERT INTO a2.event (eid, year, courtid, winid, lossid, duration) VALUES (158, 2017, 30, 11, 14, 40);
INSERT INTO a2.event (eid, year, courtid, winid, lossid, duration) VALUES (159, 2017, 30, 10, 13, 29);
INSERT INTO a2.event (eid, year, courtid, winid, lossid, duration) VALUES (160, 2017, 30, 22, 33, 4);
INSERT INTO a2.event (eid, year, courtid, winid, lossid, duration) VALUES (161, 2017, 30, 12, 26, 36);
INSERT INTO a2.event (eid, year, courtid, winid, lossid, duration) VALUES (162, 2017, 30, 5, 32, 38);
INSERT INTO a2.event (eid, year, courtid, winid, lossid, duration) VALUES (163, 2017, 30, 48, 33, 29);
INSERT INTO a2.event (eid, year, courtid, winid, lossid, duration) VALUES (164, 2017, 30, 38, 27, 19);
INSERT INTO a2.event (eid, year, courtid, winid, lossid, duration) VALUES (165, 2017, 30, 48, 44, 45);
INSERT INTO a2.event (eid, year, courtid, winid, lossid, duration) VALUES (166, 2017, 30, 37, 27, 19);
INSERT INTO a2.event (eid, year, courtid, winid, lossid, duration) VALUES (167, 2017, 30, 14, 18, 17);
INSERT INTO a2.event (eid, year, courtid, winid, lossid, duration) VALUES (168, 2017, 30, 44, 2, 27);
INSERT INTO a2.event (eid, year, courtid, winid, lossid, duration) VALUES (169, 2017, 30, 3, 25, 38);
INSERT INTO a2.event (eid, year, courtid, winid, lossid, duration) VALUES (170, 2017, 30, 29, 46, 34);
INSERT INTO a2.event (eid, year, courtid, winid, lossid, duration) VALUES (171, 2017, 30, 27, 11, 28);
INSERT INTO a2.event (eid, year, courtid, winid, lossid, duration) VALUES (172, 2017, 30, 34, 38, 7);
INSERT INTO a2.event (eid, year, courtid, winid, lossid, duration) VALUES (173, 2017, 30, 19, 44, 14);
INSERT INTO a2.event (eid, year, courtid, winid, lossid, duration) VALUES (174, 2017, 30, 43, 12, 47);
INSERT INTO a2.event (eid, year, courtid, winid, lossid, duration) VALUES (175, 2017, 30, 14, 2, 30);
INSERT INTO a2.event (eid, year, courtid, winid, lossid, duration) VALUES (176, 2017, 30, 34, 19, 30);
INSERT INTO a2.event (eid, year, courtid, winid, lossid, duration) VALUES (177, 2017, 30, 6, 46, 2);
INSERT INTO a2.event (eid, year, courtid, winid, lossid, duration) VALUES (178, 2017, 30, 39, 28, 25);
INSERT INTO a2.event (eid, year, courtid, winid, lossid, duration) VALUES (179, 2017, 30, 48, 26, 33);
INSERT INTO a2.event (eid, year, courtid, winid, lossid, duration) VALUES (180, 2017, 30, 10, 29, 1);
INSERT INTO a2.event (eid, year, courtid, winid, lossid, duration) VALUES (181, 2017, 30, 34, 14, 44);
INSERT INTO a2.event (eid, year, courtid, winid, lossid, duration) VALUES (182, 2017, 30, 9, 33, 13);
INSERT INTO a2.event (eid, year, courtid, winid, lossid, duration) VALUES (183, 2017, 30, 43, 47, 8);
INSERT INTO a2.event (eid, year, courtid, winid, lossid, duration) VALUES (184, 2017, 30, 38, 23, 46);
INSERT INTO a2.event (eid, year, courtid, winid, lossid, duration) VALUES (185, 2017, 30, 43, 40, 49);
INSERT INTO a2.event (eid, year, courtid, winid, lossid, duration) VALUES (186, 2017, 30, 33, 28, 50);
INSERT INTO a2.event (eid, year, courtid, winid, lossid, duration) VALUES (187, 2017, 30, 34, 38, 43);
INSERT INTO a2.event (eid, year, courtid, winid, lossid, duration) VALUES (188, 2017, 30, 10, 46, 11);
INSERT INTO a2.event (eid, year, courtid, winid, lossid, duration) VALUES (189, 2017, 30, 16, 12, 37);
INSERT INTO a2.event (eid, year, courtid, winid, lossid, duration) VALUES (190, 2017, 30, 11, 23, 16);
INSERT INTO a2.event (eid, year, courtid, winid, lossid, duration) VALUES (191, 2017, 30, 31, 2, 15);
INSERT INTO a2.event (eid, year, courtid, winid, lossid, duration) VALUES (192, 2017, 30, 40, 20, 6);
INSERT INTO a2.event (eid, year, courtid, winid, lossid, duration) VALUES (193, 2017, 30, 11, 2, 15);
INSERT INTO a2.event (eid, year, courtid, winid, lossid, duration) VALUES (194, 2017, 30, 25, 16, 26);
INSERT INTO a2.event (eid, year, courtid, winid, lossid, duration) VALUES (195, 2017, 30, 1, 46, 18);
INSERT INTO a2.event (eid, year, courtid, winid, lossid, duration) VALUES (196, 2017, 30, 28, 37, 43);
INSERT INTO a2.event (eid, year, courtid, winid, lossid, duration) VALUES (197, 2017, 30, 30, 14, 7);
INSERT INTO a2.event (eid, year, courtid, winid, lossid, duration) VALUES (198, 2017, 30, 8, 3, 31);
INSERT INTO a2.event (eid, year, courtid, winid, lossid, duration) VALUES (199, 2017, 30, 12, 37, 36);
INSERT INTO a2.event (eid, year, courtid, winid, lossid, duration) VALUES (200, 2017, 30, 1, 7, 12);

INSERT into record
    SELECT pid, year, COALESCE(total.win,0) as win, COALESCE(total.loss,0) as loss FROM (
        (SELECT a.pid, 2017 as year, win, loss from
            (SELECT winid as pid, count(*) AS win FROM event WHERE year = 2017 GROUP BY winid) AS a LEFT JOIN
            (SELECT lossid as pid, count(*) AS loss FROM event WHERE year = 2017 GROUP BY lossid) AS b ON a.pid = b.pid)
        UNION
        (SELECT a.pid, 2017 as year, win, loss from
            (SELECT lossid as pid, count(*) AS loss FROM event WHERE year = 2017 GROUP BY lossid) AS a LEFT JOIN
            (SELECT winid as pid, count(*) AS win FROM event WHERE year = 2017 GROUP BY winid) AS b ON a.pid = b.pid)) AS total;

INSERT into record
    SELECT pid, year, COALESCE(total.win,0) as win, COALESCE(total.loss,0) as loss FROM (
        (SELECT a.pid, 2018 as year, win, loss from
            (SELECT winid as pid, count(*) AS win FROM event WHERE year = 2018 GROUP BY winid) AS a LEFT JOIN
            (SELECT lossid as pid, count(*) AS loss FROM event WHERE year = 2018 GROUP BY lossid) AS b ON a.pid = b.pid)
        UNION
        (SELECT a.pid, 2018 as year, win, loss from
            (SELECT lossid as pid, count(*) AS loss FROM event WHERE year = 2018 GROUP BY lossid) AS a LEFT JOIN
            (SELECT winid as pid, count(*) AS win FROM event WHERE year = 2018 GROUP BY winid) AS b ON a.pid = b.pid)) AS total;

INSERT into record
    SELECT pid, year, COALESCE(total.win,0) as win, COALESCE(total.loss,0) as loss FROM (
        (SELECT a.pid, 2019 as year, win, loss from
            (SELECT winid as pid, count(*) AS win FROM event WHERE year = 2019 GROUP BY winid) AS a LEFT JOIN
            (SELECT lossid as pid, count(*) AS loss FROM event WHERE year = 2019 GROUP BY lossid) AS b ON a.pid = b.pid)
        UNION
        (SELECT a.pid, 2019 as year, win, loss from
            (SELECT lossid as pid, count(*) AS loss FROM event WHERE year = 2019 GROUP BY lossid) AS a LEFT JOIN
            (SELECT winid as pid, count(*) AS win FROM event WHERE year = 2019 GROUP BY winid) AS b ON a.pid = b.pid)) AS total;
